id,event_plan_id,generated_text,generation_date,is_approved,approved_by,rating,user_id
5,4,"В Бору прошёл семинар для блогеров. Участники написали пост про KLK-инструменты и получили гранты на обучение в ITIL за счёт фонда Потанина (http://www22026511631000). Дата — 2027 год, время 18 часов 10 минут местного времени; стоимость обучения 300 000 руб./мес., срок 2 года с момента старта проекта до получения лицензии Минобрнауки РФ через 3 месяца после регистрации СМИ или госзакупок контента у издателей/компаний без конкурса + стажировка от Фонда «Свободное ПО». Спикеры из Нижнего Тагила рассказали об алгоритмах ранжирования сайтов под поисковые системы Яндекс («КЛАССИКА»), Google Penguin Search Plus 5+(для начинающих), а также дали практические рекомендации как продвигать свои проекты не только среди пользователей ПК нои других типов устройств при помощи мобильных приложений типа GitHubs 4GPU v3++ . Новостью заинтересовались представители Яндекса , поэтому они предложили внедрить пилотный проект уже к концу этого лета бесплатно всем желающим! Подробности можно узнать здесь http ://tagilprojectednewsletter/. Запись доступна онлайн https://githube1dayoutsideboxesupportingboomstarterfundamentalsandwebsitesonlineboarderworkshoppage#comment_12977878728424 #новости@bitrixsoftwarehouse 
        Аудитория мероприятия составила более 100 человек среднего возраста (+18 лет) со средним уровнем дохода выше $50 тыс.: разработчики UI–дизайнеры даблдекеры соцсетей SMMщики фрилансёры тестирующие приложения разных видов бизнеса. Мероприятие собрало около 50 участников прямо во дворе дома №10 посёлка Нижний Тагил Свердловской области вместе c экспертами КМГ ИТМО Александром Ситниковым ()   И его коллегой Дмитрием Пучковым (). За час участники создали прототип сайта визитки своего предприятия стоимостью 500 тысяч рублей ($10000—150000 р.). Готовый сайт разошёлся тиражом 200 экземпляров всего лишь разослали подписчикам рассылки RSS‘ов (@SkypeTelegram): ссылка ведёт сюда ). После семинара каждый получил чеклист внедрения своих идей коллегам домой навыдавать советов новичкам :) Рекомендую пройти бесплатный пробник кода каждому участнику курса подготовки сотрудников малого звена компании Apple Computer Lab’а ! Ждём вас 19 июня 2016 г",2026-05-30T13:27:31.427608,False,1,,1
6,5,"В знаме-науке прошёл семинар «Физическая культура для всех». Участники узнали, как правильно питаться и не набирать лишний вес. Тренер Наталья Соколова дала упражнения на растяжку в конце дня — это помогает бороться с лишним весом без диет! Запись доступна до 2026 года включительно (категория): Молодёжь 16+ 
 Дата публикации 19 июня 2018 г., 13 часов 00 минут . Время местное(московское). Описание мероприятия можно посмотреть здесь https://vkontakte/event136279251 или тут httpsourseВпереди лето 2019 год – время активного отдыха всей семьёй😉Подробности ТУТ , а так же анонсы мероприятий ищите там где удобно следить самостоятельно✌Учебники физкультуры есть только бесплатные версии приложений Pythons Learning CenterTM VideoGetter® MVP for iOS 8 Pro and Android 6 Plus HDR Total Gain Control Suite Data Searching tools on Kindergarten Upgrade with Google Play Store                                Новостей больше нет? Добавьте наш канал YouTube’",2026-06-01T14:28:29.395607,False,1,,1
7,5,"В рамках фестиваль современного искусства «Стартап Сахалин» в 11.07.-12 состоится спортивно – развлекательное событие . Участники создадут прототипы нейросетей за 48 часов и отправятся покорять просторы интернета с нуля! Цель мероприятия - развитие IT–сообщества, популяризация it’ов среди студентов 3+ лет опыта работы над проектами со всей России (а также молодых талантов). Спикер Анна Сидорова расскажет о том как выступать без страха перед публикой; Вадим Смирнов («Яндекс»), Игорь Ковалёв (""Росатом""), Сергей Морозов () выступит продюсером фестиваля стартапов Москвы 24/7». Приглашаются студенты 4 курса МФТИ им ИИ Университета ИТМО для участия во всех категориях соревнований по искусственному интеллекту 19 участников Фестиваля Ожидается 406 человек из разных городов РФ… Как выводить продукты на рынок? Практикум от Анны Сергеевны Соколовой поможет участникам создать логотип или брендбук бесплатно!.. Стратегии снижения углеродного следа помогут студентам развивать soft skills у школьников 12 +.. Организатор : Музей современной культуры Artplay Москва КРОК (). Начало рей 149 (!) Предприниматели поделят свои идеи развития startups with future generations... Организаторы приглашают дизайнеров 153 специалистов 165 профессий 290 рублей каждому участнику конкурса 272 рубля дополнительно к стипендии Правительства города 174 участника получат возможность бесплатным доступам ко всем инструментарий продвижения продуктов 268 вузов страны 22 сентября 2020 г.; Выставка работ начинающих иллюстраторов откроется 23 августа текущего месяца здесь можно посмотреть все этапы создания логотипа 25% посетителей смогут стать участниками образовательного проекта 3025 руб./мес = 35 000 новых рабочих мест 31 мая 2016г.). Конференц­зал № 1 расположен напротив",2026-06-03T02:28:32.559303,False,1,,1
8,7,"21/08 в 13 часов «Практика разработки игр» . участники получат практические навыки создания нейросетей  Мероприятие ориентировано как для студентов вузов так же дизайнеры и иллюстраторы agile-, но мы обсудим созданию вирусного контента – от теории к практике 

Контакты организаторов : Кафедра ИИ Университета ИТМО им МФТИ; Центр развития карьеры ВШЭ.; Агентство инноваций Москвы;. Организатор - Ассоциация выпускников КРОС.[+] Формат участия до 16 лет.] Цель — Выработка стратегии социального предпринимательства..[править статью]. [подробнее...] Мы также рассмотрим создание сообщества искусственного интеллекта образования России.""Новостная лента"": Сергей Морозов из Технопарк Академия Яндекса).    Ожидается 416 участников.<span style=""text–box"" width=140 alt_119 height = 306"">Организатор:307<br /&gt;&nbsp;, анотация продлится 15 минут после этого мероприятие завершится розыгрышем лотереёй среди школьников Петербурга ""Тренинг по робототехнике"".   Окончание регистрации 17 августа 2014 года!     Количество зарегистрированных пользователей составит 399.(ла)                         Регистрация заканчивается 182 человека., которые будут получать призы за участие.– это время организаторы планируют разработать 259 сценариев игрового процесса.- Максимальное количество призов—конкурсы.— Презентацию можно будет провести отдельно или объединить их между спортами…В программе − личному финансовому планированию….Дата публикации 19",2026-06-03T17:04:12.585620,False,1,,1
9,7,"20.06.2026 в 13:00 в Санкт-Петербурге прошёл(ла) мастер-класс «Практикум на тему «робототехнике»» . участники напишутся с помощью библиотек ai-технологий и получат практические навыки по созданию нейросетей  Цель – повышение квалификации в области искусственного интеллекта.  Мероприятие ориентировано на it-специалисты с опытом от 3 лет.  Спикеры: Дмитрий Лебедев (Mail.ru).  Мероприятие продлится до 15:00.  Организатор : Академия Яндекс. 

Конференция продлится до 16:00  Окончание в 14:30.  Формат проведения – очный.  Количество участников: 499.  Ожидается 499 участников.",2026-06-03T18:17:47.842940,False,1,,1
10,7,"20 июля в 13:00 в Санкт-Петербурге прошёл(ла) мастер-класс «Практикум на python» . участники научатся созданию нейросетей  Цель – повышение квалификации в области маркетинга.  Спикеры: Анна Новиковa (ВШЭ).  Мероприятие ориентировано на преподаватели и учёные.  Организатор – Академия Яндекс.  Мероприятие продлится до 15:00 .  Мероприятие будет проходить онлайн.  Окончание в 16:00 

Формат проведения – очный.  Количество участников: 499.  Категория – вебинар.  В программе: цифровизация бизнес-процессов.  Цель: Выработка стратегии развития инноваций.  Ожидается 311 участников.  Финансирование – студенты и молодые специалисты.  Организаторы: Академическая школа Яндекса Университета ИТМО.  Новость : 20.06.2025 в 14:30 в интернет-Санкт-Петербург прошёл(ло) мастер–центр «Выставка на Презентация «Прагматика разработки игр» .  Цель - формирование сообщества искусственного интеллекта.  Ключевые темы: устойчивому развитию городов.  Участники получат практические навыки по личному финансовому планированию и управлению agile-коман",2026-06-03T18:56:46.773008,False,1,,1
11,7,"20 июля в петербургском IT-пространстве пройдёт мастер-класс по созданию Telegram приложений для малого бизнеса. Участникам под руководством эксперта из Яндекса предстоит за день разработать Telegram – бота, подключить базы данных и автоматизировать процессы управления agile-командами. Мероприятие рассчитано на начинающих разработчиков и студентов технических вузов. Участие бесплатное для всех желающих. Приглашены до 16+. Ожидается 15 человек. Окончание в 17:30. Место сбора – ИТМОТИВИТИ (Технопарк «Радуга». Формат – очный. Количество мест ограничено. Вход свободный. Количество участников – 200. Организатором выступает университет ИТМОИ. Проезд до 18:00; вход бесплатный. К участию приглашено 400 специалистов.

Проект рассчитан на 200 программистов и выпускников СПбГУПрактикум соберёт первых курсов технических вузов города. Соревнование продлится до 21:30; победителей ждёт наставник из Яндексофта и представителей малого бизнеса; также будут помогать имёнтых учебных заведений. Среди обязательных требований – использование библиотек AI и Pyton. 

Участники создадут прототипы мессенджеры и приложения для автоматизации заказов. В мероприятии примут участие бесплатно. Главный приз – гарнитура от Яндекса",2026-06-03T19:58:42.622785,False,1,,1
12,7,"20 июля в петербургском ИТМО пройдёт мастер-класс по созданию Telegram роботов под руководством Дмитрия Лебедева из библиотек AI. Участникам предстоит за день разработать умных ботаников – помощников для автоматизации задач. В программе – использование библиотек и интеграции баз данных таксономий без участия человека. Ведущий – эксперт Яндекс.Банка Андрей Морозов.Тинькофф. Участие бесплатное. Ожидается до 16 участников. Окончание в 15:30. Мероприятие рассчитано на начинающих разработчиков. Приглашены все желающие (и студентов технических вузов. Количество мест ограничено – всего 35 человек. Проекты смогут принять участие.
Подробнее очное или записавшихся – предварительное. Ждём вас 30 августа. Желающих присоединиться к учёбе придётся подождать не будет много.",2026-06-04T12:24:12.519248,False,1,,1
